-10.9985367527551	29.98689413984863
-8.026338480954337	28.774822997355642
-5.030082793226953	28.400282980639616
-2.782891027431404	27.276662930491497
-0.9102312226017801	25.778502863627352
0.21336466029598	25.403962846911313
1.3369605431937543	25.029422830195273
4.333216230921153	27.276662930491497
5.8313440747848375	27.651202947207537
7.329471918648537	28.774822997355642
8.827599762512236	29.149363014071696
11.07479152830777	28.774822997355642
13.696515255069244	28.025742963923562
14.820111137967018	26.902122913775457
16.07574483106012	25.012832780679886
