-4.53563649125384	46.7227343327049
-4.53563649125384	49.32010862454928
-2.865898068178666	51.36090271099843
-1.7527391194618929	52.47406312178887
1.4012112352356638	52.845116592052364
4.184108607027611	52.845116592052364
7.338058961725153	52.659589856920604
9.749903350611518	51.91748291639365
12.347274230950674	51.1753759758667
14.573592128384234	50.43326903533972
16.4288570429122	50.06221556507626
19.39728090615695	48.763528419154056
20.88149283777932	47.835894743495345
22.92228424376009	46.35168086244144
25.14860214119365	43.9398333057288
26.447287581363227	41.52798574901618
27.560446530080014	38.93061145717181
27.560446530080014	37.260870840986115
26.818340564268823	35.96218369506394
26.07623459845763	35.22007675453699
24.777549158288053	34.8490232842735
24.406496175382458	34.66349654914177
