17.11244413875579	-5.076904468703418
19.16849379823921	-3.955421363252853
20.28997543068472	-2.460110555985437
21.224543457722632	-0.0302304941758961
21.972197879352976	1.465080313091519
22.532938695575723	3.7080465239926497
22.719852300983305	5.577185033076916
22.15911148476056	7.446323542161181
20.103061825277123	10.436945156695998
18.233925771201285	12.679911367597128
16.177876111717865	15.10979142940667
15.056394479272356	17.72658534212465
14.308740057642026	19.78263770211734
13.187258425196518	22.025603913018458
12.06577679275101	24.08165627301115
10.383554344082754	25.95079478209543
8.327504684599333	27.81993329117969
5.897627814300748	30.0628995020808
2.3462693115566395	32.30586571298193
-2.326570823632963	34.73574577479147
