-6.943044738568673	-4.486536729242047
-5.560955362690919	-5.022398741388244
-3.564282479271924	-6.519935613549038
-1.90038840975609	-6.353542627753399
-0.23649434024024174	-6.18714964195776
0.9282315084208363	-6.353542627753399
2.9249043918398314	-7.351900542527261
4.588798461355665	-7.351900542527261
6.918250158677836	-7.518293528322914
8.914923042096845	-7.684686514118553
11.410764146370596	-8.183865471505484
13.740215843692766	-8.516651443096777
15.23772050625702	-9.182223386279347
16.901614575772854	-10.180581301053223
18.399119238337093	-11.178939215827086
19.563845086998185	-12.842869073783532
20.894960342610858	-14.506798931739965
22.226075598223517	-15.338763860718188
24.05635907469093	-15.005977889126896
25.72025314420678	-14.673191917535618
28.216094248480516	-14.506798931739965
31.044714166657457	-14.506798931739965
32.87499764312486	-14.174012960148687
35.03805993349545	-14.174012960148687
36.36917518910812	-13.674834002761742
37.86667985167236	-13.17565504537481
39.53057392118819	-12.67647608798788
41.86002561851038	-13.009262059579171
43.69030909497778	-13.674834002761742
45.187813757542045	-14.174012960148687
46.01976079229996	-14.174012960148687
