16.13671352780449	-11.02856778574899
15.508448948371663	-13.541629404245526
14.880184368938842	-16.26411282428346
13.833076736550808	-19.614861648945507
12.785969104162774	-22.33734506898344
11.529439945297128	-24.85040668747997
10.063489259953869	-27.154046504435144
7.759852468700203	-28.619999115224783
4.827951098013699	-29.87652992447306
0.4300990419839365	-31.133060733721337
-3.3394884346129885	-31.97074793988685
-6.271389805299492	-32.38959154296961
-8.784448123030785	-33.64612235221787
-10.878663387806853	-34.693231359924766
-12.344614073150098	-36.3686057722558
