-16.284222482934254	-31.12847384297673
-20.230328910181996	-31.08315642084392
-23.00293830647749	-31.26799729004172
-25.036185197094184	-32.7467242436241
-26.33006958203208	-34.41029206640427
-26.88459146129118	-36.25870075838225
-27.43911334055028	-38.47679118875581
-26.33006958203208	-39.95551814233819
-24.666503944254785	-41.24940422672277
-21.339372668700193	-41.80392683431616
-16.718357008207704	-42.35844944190955
-13.021544479813713	-42.54329031110735
-10.803456962777318	-41.80392683431616
-6.921803807963627	-40.879722488327175
-3.0401506531499365	-38.10710945036022
-0.08270063043474352	-34.41029206640427
