-9.948430227559498	-19.680474320622423
-11.711666221631475	-20.39100942268412
-14.52592607842044	-21.32911621877402
-17.34018593520942	-20.953873500338062
-19.59159382064061	-20.20338806346615
-21.84300170607179	-18.890038548940296
-22.59347100121552	-17.951931752850413
-23.53155762014518	-16.45096087910659
-24.844878886646697	-14.762368646144779
-26.533434800720087	-12.698533694747027
-28.597225362365336	-11.009941461785232
-30.473398600224655	-9.508970588041407
-32.349571838083975	-8.383242432733539
-34.03812775215735	-7.2575142774256705
-36.289535637588536	-5.193679326027905
-37.41523958030413	-3.8803298115020652
-37.978091551661926	-1.8164948601043136
-38.165708875447855	1.5606896058192916
-37.60285690409006	3.9997672756530136
-36.289535637588536	7.376951741576605
-34.03812775215735	10.941757566718195
-31.974337190512102	14.3189420326418
-28.972460009937194	18.446611935437303
-27.096286772077875	21.82379640136091
-26.345817476934144	24.26287407119463
-25.4077308580045	31.95534979913171
