-23.526047774040023	-2.7214535677856873
-23.526047774040023	0.9857636504972618
-22.969977151734724	6.361228617007512
-23.155334025836495	12.29277616626021
-22.969977151734724	16.74143682819974
-22.599263403531197	20.819375768310977
-22.22854965532767	25.824119012992938
-21.487122158920613	29.345975370361714
-20.37498091431003	32.867831727730504
-19.077482795597675	34.90680119778614
-17.223914054580035	35.833605502356875
-11.848564705628888	36.57504894601345
-9.253568468204193	36.57504894601345
-3.507505371049504	37.87257497241248
