-15.441196998189156	28.577983289139752
-14.951153267261077	30.383347135745282
-13.784972117664552	33.10449501229448
-13.979335642597306	36.02001059431146
-16.311697941790342	38.15805535445722
-19.810241390579904	39.12989388179622
-22.531330739638463	38.546790765392814
-25.83551066349527	36.40874600524705
-33.02696108600715	31.549553368552097
-36.719868059729464	25.718522204518138
-37.951582963620744	20.507397745854647
-36.94907636133601	16.998549168199133
-36.197196409622464	13.990964673065832
-34.69343650619537	11.98590834297697
-33.18967660276829	10.732748136671432
-31.93654334991237	10.231484054149206
-28.678396892487	9.980852012888107
-27.926516940773453	10.48211609541032
-26.924010338488728	10.732748136671432
