15.326598933179483	37.05026008479436
12.997176463124902	37.383035160454966
11.333303270228768	37.383035160454966
8.33833152301574	38.38136038743673
5.676134414381934	40.045235765739704
4.677810498644249	40.045235765739704
3.013937305748115	39.04691053875791
0.018965558535086302	36.384709933473175
-1.3121329957818233	33.38973425252783
-1.977682272940271	31.725858874224883
-1.3121329957818233	28.73088319327954
-0.31380908004413754	27.399782890637155
-0.9793583572025994	26.73423273931597
-3.3087808272571806	26.73423273931597
-4.307104742994852	26.40145766365538
-4.972654020153314	25.735907512334194
-5.305428658732538	24.072032134031232
-5.638203297311762	23.406481982710034
-6.303752574470209	22.74093183138885
-7.302076490207895	22.075381680067665
-12.21445946061786	20.37446624512542
