-18.3882493157479	-16.729719229354032
-16.7724498503958	-15.652496416465183
-15.695250206827737	-14.93434787453927
-14.079450741475654	-14.93434787453927
-12.10458472826754	-15.472959280983702
-11.386451632555492	-15.472959280983702
-9.95018544113141	-13.67758792616894
-10.309251988987441	-12.42082797779861
-11.027385084699475	-11.164068029428279
-10.309251988987441	-10.625456622983847
-6.000453414715196	-9.548233810094985
-4.923253771147131	-10.445919487502366
-3.3074543057950336	-10.086845216539416
-3.1279210318670323	-9.189159539132035
3.3352768295413426	-7.214251048835806
3.514810103469344	-6.137028235946943
5.489676116677458	-5.239342558539562
6.566875760245523	-3.9825826101692314
6.92594230810154	-1.82813698439152
5.130609568821441	-2.1872112553544696
4.412476473109393	-0.7509141715026573
3.155743555613327	-0.7509141715026573
2.258077185973278	0.3263086413862055
1.899010638117261	1.9421428607194855
0.821810994549196	3.198902809089816
-1.512121566514935	4.455662757460146
-2.0507213882989674	4.635199892941628
-2.589321210083	3.5579770800527655
-4.205120675435083	4.096588486497197
-5.282320319003148	3.5579770800527655
-5.82092014078718	4.635199892941628
-8.513919249707328	3.917051351015729
-9.95018544113141	2.6602914026453846
-9.411585619347377	0.8649200478306227
-8.693452523635344	-0.7509141715026573
-6.000453414715196	-1.82813698439152
-6.000453414715196	-3.0848969327618505
-6.7185865104272295	-3.9825826101692314
-8.513919249707328	-5.418879694021044
-10.84785181077146	-5.598416829502511
-12.822717823979573	-5.418879694021044
-13.720384193619623	-4.880268287576612
-14.977117111115703	-4.880268287576612
-14.43851728933167	-2.9053597972803686
-14.797583837187688	-1.4690627134285563
-16.23385002861177	-1.6485998489100382
-18.029182767891868	-1.1099884424656068
-19.46544895931595	-3.8030454746877496
-21.081248424668047	-4.521194016613663
-20.542648602884015	-6.137028235946943
