22.442214096003568	-38.282876341756456
25.23833624875857	-40.33885254516815
29.3676015491028	-42.13422389998291
30.265267918742865	-43.570520983834726
33.67640012337506	-43.929595254797675
37.62613214979129	-44.28866952576063
41.75539745013552	-45.72496660961244
43.90979673727162	-46.26357801605687
45.88466275047975	-47.879412235390156
46.24372929833578	-50.03385786116787
45.346062928695716	-51.82922921598263
42.47353054584755	-53.26552629983444
37.98519869764729	-54.52228624820477
28.649468453390767	-57.574417551389864
25.23833624875857	-57.574417551389864
19.134204935206228	-56.856269009463965
13.748206717365932	-54.3427491127233
11.4142741563018	-51.47015494501968
10.516607786661737	-47.5203379644272
