-39.46852717893962	-11.899446499480902
-39.46607867261833	-8.455923899013385
-40.20864386241826	-6.970791568775638
-40.951209052218196	-5.733181293577516
-40.951209052218196	-4.743093073419018
-39.46607867261833	-4.743093073419018
-38.228470022951775	-4.495571018379394
-37.73342656308515	-3.0104386881416474
-37.23838310321854	-2.0203504679831497
-36.495817913418605	-0.04017402766615419
-36.00077445355198	1.4449583025715924
-34.51564407395212	3.1776126878489634
-33.03051369435225	4.66274501808671
-31.29786158481909	5.652833238245208
-30.307774665085844	5.900355293284832
-28.82264428548598	6.6429214584037055
-27.0899921759528	6.89044351344333
-28.82264428548598	9.613186118879199
-27.832557365752734	11.840884614235819
-26.099905256219557	13.326016944473565
-24.36725314668638	13.821061054552814
-23.129644497019825	14.068583109592439
-21.14947065755335	15.058671329750936
-20.159383737820107	15.553715439830185
-17.684166438486997	16.29628160494906
-15.208949139153887	17.781413935186805
-12.733731839820791	20.00911243054344
-11.29284724270643	22.566418564714553
