-17.523887640579318	-4.904048460228367
-17.960363044617225	-7.5151646456207
-17.41291760532215	-9.887479240550192
-16.50050853983035	-12.077308097408206
-15.95306310053526	-14.449622692337712
-14.675690408846734	-17.73436597762472
-13.945763156453296	-20.83662352484022
-11.938463212371332	-23.573909595912724
-10.113645081387716	-26.311195666985242
-8.653790576600827	-28.683510261914748
-6.28152700632215	-32.15073928527325
-4.091745249141809	-33.79311092791676
-1.354518052666407	-34.888025356345764
2.112636396202447	-36.34791126091776
4.302418153382774	-37.62531142741826
7.404608976054902	-39.81514028427627
9.046945293940155	-42.187454879205774
11.96665430351392	-44.19479799799228
15.433808752382774	-46.38462685485028
18.718481388153265	-47.29705554520778
21.638190397727044	-47.114569807136284
