50.370354403475176	-17.23435739330567
49.823403882308696	-14.41512615681087
48.593895272744334	-11.956056047060486
46.13487805361558	-9.087140919018381
44.085697037674976	-7.037915827559715
40.80700741217001	-4.1690006995176105
39.577498802605646	0.7491395199831601
38.347990193041284	4.847589702900464
36.7086453802888	7.3066598126508495
33.42995575478383	12.224800032151606
30.97093853565508	14.683870141901991
28.921757519714475	16.733095233360643
22.774214471892662	17.962630288235843
18.26601623682332	18.372475306527562
18.26601623682332	18.372475306527562
14.16765420494211	19.602010361402762
12.118473189001506	20.831545416277947
10.479128376249008	21.24139043456968
5.094046865530387	23.229984626555947
