8.993384403863857	39.00409879202064
8.488899658455352	40.16859697291113
8.259807381495321	46.125003997278185
8.94708421237543	48.645022353741155
10.779822428055752	51.16504071020415
13.98711430549632	51.85231844378495
17.881683013816996	52.310503599505495
21.776251722137673	50.01957782090278
27.27446636917864	46.58318915299873
31.398127354459348	42.23043017365359
35.75088061670013	37.19039346072762
36.667249724540284	34.67037510426462
36.667249724540284	30.775801280640025
35.29269606278004	27.568505190596227
32.54358873925955	26.193949723434613
29.56538913877904	26.193949723434613
28.190835477018794	26.423042301294885
